<?xml version="1.0" encoding="UTF-8"?>
<beans xmlns="http://www.springframework.org/schema/beans"
	xmlns:xsi="http://www.w3.org/2001/XMLSchema-instance"
	xmlns:context="http://www.springframework.org/schema/context"
	xmlns:mvc="http://www.springframework.org/schema/mvc"
	xsi:schemaLocation="http://www.springframework.org/schema/mvc http://www.springframework.org/schema/mvc/spring-mvc-4.3.xsd
		http://www.springframework.org/schema/beans http://www.springframework.org/schema/beans/spring-beans.xsd
		http://www.springframework.org/schema/context http://www.springframework.org/schema/context/spring-context-4.3.xsd">
<!-- 配置spring mvc的配置文件  包含网站跳转 -->
 <context:component-scan base-package="com.atgui" use-default-filters="false">
    <!-- 只扫描控制器就可以了 -->
    <context:include-filter type="annotation" expression="org.springframework.stereotype.Controller"/>
 </context:component-scan>
 
 <!-- 配置视图解析器 -->
 <bean class="org.springframework.web.servlet.view.InternalResourceViewResolver">
   <property name="prefix" value="/WEB-INF/views/"></property>
   <property name="suffix" value=".jsp"></property>
 </bean>
 
 <!-- 两个标准配置 -->
 <!-- 将smvc不能处理的请求交给tomcat -->
 <mvc:default-servlet-handler/>
 <mvc:annotation-driven>
 <!-- 能支持smvc更高级的一些功能 JSR303校验 ajax请求 映射动态请求 -->
 </mvc:annotation-driven>
</beans>
